version,size_test,size_training,error_NB,recall_NB,precision_NB,fscore_NB,gscore_NB,mcc_NB,auc_NB,aucec_NB,tpr_NB,tnr_NB,fpr_NB,fnr_NB,tp_NB,fn_NB,tn_NB,fp_NB,error_RF,recall_RF,precision_RF,fscore_RF,gscore_RF,mcc_RF,auc_RF,aucec_RF,tpr_RF,tnr_RF,fpr_RF,fnr_RF,tp_RF,fn_RF,tn_RF,fp_RF,error_DT,recall_DT,precision_DT,fscore_DT,gscore_DT,mcc_DT,auc_DT,aucec_DT,tpr_DT,tnr_DT,fpr_DT,fnr_DT,tp_DT,fn_DT,tn_DT,fp_DT,error_LR,recall_LR,precision_LR,fscore_LR,gscore_LR,mcc_LR,auc_LR,aucec_LR,tpr_LR,tnr_LR,fpr_LR,fnr_LR,tp_LR,fn_LR,tn_LR,fp_LR,error_NET,recall_NET,precision_NET,fscore_NET,gscore_NET,mcc_NET,auc_NET,aucec_NET,tpr_NET,tnr_NET,fpr_NET,fnr_NET,tp_NET,fn_NET,tn_NET,fp_NET,error_SVM,recall_SVM,precision_SVM,fscore_SVM,gscore_SVM,mcc_SVM,auc_SVM,aucec_SVM,tpr_SVM,tnr_SVM,fpr_SVM,fnr_SVM,tp_SVM,fn_SVM,tn_SVM,fp_SVM
equinox.csv,291,130,0.30584192439862545,0.3793103448275862,0.7213114754098361,0.4971751412429378,0.5341939449823268,0.3394111887631284,0.7749753694581281,0.666251925583601,0.3793103448275862,0.9028571428571428,0.09714285714285714,0.6206896551724138,44.0,72.0,158.0,17.0,0.33676975945017185,0.20689655172413793,0.8,0.3287671232876712,0.3407830616703075,0.277929852866162,0.7839901477832513,0.6732136509065051,0.20689655172413793,0.9657142857142857,0.03428571428571429,0.7931034482758621,24.0,92.0,169.0,6.0,0.3436426116838488,0.25862068965517243,0.6818181818181818,0.375,0.403744880046811,0.24412090198419595,0.5735714285714286,0.5780305723426943,0.25862068965517243,0.92,0.08,0.7413793103448276,30.0,86.0,161.0,14.0,0.3024054982817869,0.5172413793103449,0.6521739130434783,0.576923076923077,0.6334908446544596,0.3521059490521207,0.8033990147783251,0.6849448986846771,0.5172413793103449,0.8171428571428572,0.18285714285714286,0.4827586206896552,60.0,56.0,143.0,32.0,0.2852233676975945,0.43103448275862066,0.746268656716418,0.5464480874316939,0.5834995199054582,0.3883221245173074,0.791847290640394,0.6772129399217921,0.43103448275862066,0.9028571428571428,0.09714285714285714,0.5689655172413793,50.0,66.0,158.0,17.0,0.39862542955326463,0.0,0.0,0.0,0.0,0.0,0.5,0.5444661689773664,0.0,1.0,0.0,1.0,0.0,116.0,175.0,0.0
jdt.csv,897,131,0.600891861761427,0.9060773480662984,0.239067055393586,0.37831603229527105,0.41715506955643833,0.167506703290501,0.6110296614093027,0.5800673823734123,0.9060773480662984,0.2709497206703911,0.729050279329609,0.09392265193370165,164.0,17.0,194.0,522.0,0.49944258639910816,0.8729281767955801,0.27101200686106347,0.41361256544502617,0.5546233692603695,0.23504426569087686,0.8078567239729622,0.74650307655352,0.8729281767955801,0.4064245810055866,0.5935754189944135,0.1270718232044199,158.0,23.0,291.0,425.0,0.5295429208472687,0.6961325966850829,0.23076923076923078,0.3466299862448418,0.5187493045510182,0.09007832719737045,0.558038056730146,0.5461421435478601,0.6961325966850829,0.4134078212290503,0.5865921787709497,0.30386740331491713,126.0,55.0,296.0,420.0,0.26755852842809363,0.39779005524861877,0.35467980295566504,0.375,0.5350711713256732,0.20604461920911527,0.6335727954566499,0.6152860671236827,0.39779005524861877,0.8170391061452514,0.1829608938547486,0.6022099447513812,72.0,109.0,585.0,131.0,0.25418060200668896,0.7403314917127072,0.4253968253968254,0.5403225806451614,0.7437532096338294,0.40990920878963494,0.7952868915707275,0.7362602166829858,0.7403314917127072,0.7472067039106145,0.2527932960893855,0.2596685082872928,134.0,47.0,535.0,181.0,0.18617614269788182,0.08287292817679558,0.9375,0.15228426395939088,0.153044843209304,0.247046693577973,0.5407381400660515,0.5373651890586769,0.08287292817679558,0.9986033519553073,0.0013966480446927375,0.9171270718232044,15.0,166.0,715.0,1.0
lucene.csv,621,98,0.7729468599033816,0.9811320754716981,0.09792843691148775,0.17808219178082194,0.27022450588269636,0.10938627087757806,0.590818495880946,0.5981223224865551,0.9811320754716981,0.15669014084507044,0.8433098591549296,0.018867924528301886,52.0,1.0,89.0,479.0,0.6312399355877617,0.9622641509433962,0.11564625850340136,0.2064777327935223,0.4727878756314775,0.16974843561344244,0.7922203029497741,0.7680551757664099,0.9622641509433962,0.31338028169014087,0.6866197183098591,0.03773584905660377,51.0,2.0,178.0,390.0,0.428341384863124,0.8679245283018868,0.15081967213114755,0.2569832402234637,0.6688154334784143,0.23022429082605853,0.7107527238905129,0.7011515206757207,0.8679245283018868,0.5440140845070423,0.45598591549295775,0.1320754716981132,46.0,7.0,309.0,259.0,0.08695652173913043,0.0,0.0,0.0,0.0,-0.01226783488764548,0.5414562848790858,0.5387233008233814,0.0,0.9982394366197183,0.0017605633802816902,1.0,0.0,53.0,567.0,1.0,0.08695652173913043,0.33962264150943394,0.4864864864864865,0.39999999999999997,0.5026321812771801,0.3613850639881024,0.7330919479138985,0.7140035852094896,0.33962264150943394,0.9665492957746479,0.03345070422535211,0.660377358490566,18.0,35.0,549.0,19.0,0.0853462157809984,0.0,0.0,0.0,0.0,0.0,0.5,0.5188223498313748,0.0,1.0,0.0,1.0,0.0,53.0,568.0,0.0
mylyn.csv,1675,140,0.8119402985074626,0.8888888888888888,0.1256544502617801,0.22018348623853212,0.15400266061507153,-0.03175258148260056,0.5069190592237199,0.5045909342178014,0.8888888888888888,0.08430431802604524,0.9156956819739548,0.1111111111111111,192.0,24.0,123.0,1336.0,0.8262686567164179,0.9953703703703703,0.13454317897371715,0.237045203969129,0.09900000302937594,0.07595497446305301,0.6725036808570051,0.6503427307904945,0.9953703703703703,0.0520904729266621,0.9479095270733379,0.004629629629629629,215.0,1.0,76.0,1383.0,0.5850746268656717,0.8009259259259259,0.15585585585585585,0.2609351432880844,0.49461193617027105,0.11250194693364068,0.5870316426776331,0.5797844112769497,0.8009259259259259,0.3577793008910212,0.6422206991089787,0.19907407407407407,173.0,43.0,522.0,937.0,0.45432835820895523,0.7638888888888888,0.18857142857142858,0.30247479376718606,0.6140579699343385,0.18603028320709844,0.6499330464803391,0.6314206744057521,0.7638888888888888,0.5133653187114462,0.4866346812885538,0.2361111111111111,165.0,51.0,749.0,710.0,0.5725373134328359,0.8148148148148148,0.16073059360730593,0.26849733028222733,0.5090192381850123,0.13026986563735027,0.6936495697205087,0.6689690436705388,0.8148148148148148,0.3701165181631254,0.6298834818368746,0.18518518518518517,176.0,40.0,540.0,919.0,0.12895522388059702,0.0,0.0,0.0,0.0,0.0,0.5,0.505290215588725,0.0,1.0,0.0,1.0,0.0,216.0,1459.0,0.0
pde.csv,1347,99,0.45360059391239793,0.5469613259668509,0.15764331210191082,0.24474660074165636,0.5466365594566833,0.06376796964972956,0.5376813585663789,0.5372364206113869,0.5469613259668509,0.5463121783876501,0.45368782161234994,0.4530386740331492,99.0,82.0,637.0,529.0,0.621380846325167,0.9226519337016574,0.1686868686868687,0.2852263023057216,0.44610502131967833,0.16754684605585043,0.7184049922765653,0.6904477722132681,0.9226519337016574,0.29416809605488853,0.7058319039451115,0.07734806629834254,167.0,14.0,343.0,823.0,0.41202672605790647,0.4088397790055249,0.1417624521072797,0.21052631578947367,0.4914123990714107,0.01723528042619311,0.5191830217109066,0.5194600647233245,0.4088397790055249,0.6157804459691252,0.38421955403087477,0.5911602209944752,74.0,107.0,718.0,448.0,0.13511507052709726,0.0,0.0,0.0,0.0,-0.010739090005884393,0.516242904390512,0.537371773574999,0.0,0.9991423670668954,8.576329331046312E-4,1.0,0.0,181.0,1165.0,1.0,0.8656273199703044,1.0,0.13437268002969563,0.23691099476439792,0.0,0.0,0.5,0.5195544016373602,1.0,0.0,1.0,0.0,181.0,0.0,0.0,1166.0,0.13437268002969563,0.0,0.0,0.0,0.0,0.0,0.5,0.5195544016373602,0.0,1.0,0.0,1.0,0.0,181.0,1166.0,0.0
equinox.csv,291,118,0.2920962199312715,0.41228070175438597,0.7230769230769231,0.5251396648044693,0.565173000567215,0.3640070021540574,0.810511448111805,0.6902694881533726,0.41228070175438597,0.8983050847457628,0.1016949152542373,0.5877192982456141,47.0,67.0,159.0,18.0,0.31958762886597936,0.22807017543859648,0.8387096774193549,0.3586206896551724,0.3694341181330029,0.31616511106469397,0.7588710476756864,0.6599746789654567,0.22807017543859648,0.9717514124293786,0.02824858757062147,0.7719298245614035,26.0,88.0,172.0,5.0,0.30584192439862545,0.43859649122807015,0.6666666666666666,0.5291005291005292,0.580640232256093,0.33185982838305494,0.5564723956784617,0.5450352685838313,0.43859649122807015,0.8587570621468926,0.14124293785310735,0.5614035087719298,50.0,64.0,152.0,25.0,0.27147766323024053,0.5701754385964912,0.6842105263157895,0.6220095693779903,0.6761490287655239,0.41711050433310265,0.8242640499553969,0.7023874118285414,0.5701754385964912,0.8305084745762712,0.1694915254237288,0.4298245614035088,65.0,49.0,147.0,30.0,0.3402061855670103,0.13157894736842105,1.0,0.23255813953488372,0.23255813953488372,0.29048605995769966,0.7711616612151848,0.6667570989328993,0.13157894736842105,1.0,0.0,0.868421052631579,15.0,99.0,177.0,0.0,0.3917525773195876,0.0,0.0,0.0,0.0,0.0,0.5,0.5393983239886672,0.0,1.0,0.0,1.0,0.0,114.0,177.0,0.0
jdt.csv,897,127,0.6120401337792643,0.9180327868852459,0.23931623931623933,0.3796610169491526,0.3955733458912173,0.16621834361435375,0.6616422525294271,0.6306936905653966,0.9180327868852459,0.25210084033613445,0.7478991596638656,0.08196721311475409,168.0,15.0,180.0,534.0,0.5306577480490524,0.8633879781420765,0.2594417077175698,0.398989898989899,0.5163879931154896,0.20001473310816364,0.7855688723576862,0.7279151512936255,0.8633879781420765,0.36834733893557425,0.6316526610644257,0.1366120218579235,158.0,25.0,263.0,451.0,0.7090301003344481,0.9453551912568307,0.2165206508135169,0.3523421588594705,0.2180682680876055,0.08862184139408684,0.5344170455067273,0.5322721153084666,0.9453551912568307,0.12324929971988796,0.876750700280112,0.0546448087431694,173.0,10.0,88.0,626.0,0.3132664437012263,0.25136612021857924,0.24210526315789474,0.24664879356568362,0.38234393455531734,0.04900240022024542,0.44361788431219484,0.45468501562585667,0.25136612021857924,0.7983193277310925,0.20168067226890757,0.7486338797814208,46.0,137.0,570.0,144.0,0.1705685618729097,0.5027322404371585,0.5974025974025974,0.545994065281899,0.6484616548831377,0.4444328991113527,0.76546356247417,0.711862857978327,0.5027322404371585,0.9131652661064426,0.08683473389355742,0.4972677595628415,92.0,91.0,652.0,62.0,0.2040133779264214,0.0,0.0,0.0,0.0,0.0,0.5,0.5066920091866647,0.0,1.0,0.0,1.0,0.0,183.0,714.0,0.0
lucene.csv,622,94,0.20096463022508038,0.43859649122807015,0.211864406779661,0.28571428571428575,0.5752029052621317,0.20162648350395615,0.6366247477099829,0.6319738252383369,0.43859649122807015,0.8353982300884956,0.16460176991150444,0.5614035087719298,25.0,32.0,472.0,93.0,0.3553054662379421,0.8070175438596491,0.1796875,0.2939297124600639,0.7065440778799351,0.255226542095721,0.8068622884645241,0.7802504653917789,0.8070175438596491,0.6283185840707964,0.37168141592920356,0.19298245614035087,46.0,11.0,355.0,210.0,0.6221864951768489,0.9298245614035088,0.12155963302752294,0.2150101419878296,0.4784840893871375,0.1587718974140529,0.6259742276044092,0.6446099170756461,0.9298245614035088,0.32212389380530976,0.6778761061946903,0.07017543859649122,53.0,4.0,182.0,383.0,0.8102893890675241,0.8245614035087719,0.08687615526802218,0.15719063545150502,0.21809032089405928,-0.04267079444350721,0.48427262847383945,0.5056411124273714,0.8245614035087719,0.1256637168141593,0.8743362831858407,0.17543859649122806,47.0,10.0,71.0,494.0,0.5884244372990354,0.7894736842105263,0.11278195488721804,0.19736842105263158,0.5070490227491189,0.09801905994585038,0.6882161155100139,0.6717718734134385,0.7894736842105263,0.3734513274336283,0.6265486725663717,0.21052631578947367,45.0,12.0,211.0,354.0,0.09163987138263666,0.0,0.0,0.0,0.0,0.0,0.5,0.5435493879393034,0.0,1.0,0.0,1.0,0.0,57.0,565.0,0.0
mylyn.csv,1675,137,0.46686567164179105,0.6543778801843319,0.16725559481743227,0.26641651031894936,0.5764385694170048,0.11382823788271107,0.5988286460209996,0.5886897310681564,0.6543778801843319,0.5150891632373114,0.4849108367626886,0.3456221198156682,142.0,75.0,751.0,707.0,0.5176119402985074,0.8663594470046083,0.18323586744639375,0.30249396621078034,0.5704720979630191,0.20100153678375046,0.7308714671319211,0.7015558153930858,0.8663594470046083,0.4252400548696845,0.5747599451303155,0.1336405529953917,188.0,29.0,620.0,838.0,0.24895522388059702,0.42857142857142855,0.24093264248704663,0.30845771144278605,0.5579056588714183,0.18150231291937577,0.5681066798151625,0.5702400440195317,0.42857142857142855,0.799039780521262,0.200960219478738,0.5714285714285714,93.0,124.0,1165.0,293.0,0.24477611940298508,0.15668202764976957,0.13026819923371646,0.1422594142259414,0.2643140647744388,9.159900375338988E-4,0.4944071482303262,0.49368182130820526,0.15668202764976957,0.8443072702331962,0.15569272976680384,0.8433179723502304,34.0,183.0,1231.0,227.0,0.7146268656716418,0.9723502304147466,0.15049928673323823,0.26065472513897464,0.30820866739428354,0.14135842320081396,0.5711172428615678,0.5607758442808987,0.9723502304147466,0.1831275720164609,0.8168724279835391,0.027649769585253458,211.0,6.0,267.0,1191.0,0.12955223880597014,0.0,0.0,0.0,0.0,0.0,0.5,0.5080376917257032,0.0,1.0,0.0,1.0,0.0,217.0,1458.0,0.0
pde.csv,1347,95,0.7743132887899035,0.8624338624338624,0.13813559322033897,0.23813002191380564,0.21339535661063214,-0.0166558246883973,0.486199066078168,0.5109257098863628,0.8624338624338624,0.12176165803108809,0.8782383419689119,0.13756613756613756,163.0,26.0,141.0,1017.0,0.5902004454342984,0.8994708994708994,0.17970401691331925,0.2995594713656388,0.48272119765998406,0.17420722962742585,0.7016316217525198,0.6747033384004487,0.8994708994708994,0.3298791018998273,0.6701208981001727,0.10052910052910052,170.0,19.0,382.0,776.0,0.8285077951002228,0.9788359788359788,0.14263685427910563,0.24899057873485866,0.07634889020473336,0.0340957106727192,0.5092798201606492,0.5499110309800702,0.9788359788359788,0.039723661485319514,0.9602763385146805,0.021164021164021163,185.0,4.0,46.0,1112.0,0.14105419450631032,0.0,0.0,0.0,0.0,-0.011011692935352708,0.4931692116493498,0.528703801903504,0.0,0.9991364421416234,8.635578583765112E-4,1.0,0.0,189.0,1157.0,1.0,0.23979213066072755,0.5185185185185185,0.296969696969697,0.37764932562620424,0.6291066142572912,0.2569396856357589,0.7261287934863064,0.694802873718984,0.5185185185185185,0.7996545768566494,0.2003454231433506,0.48148148148148145,98.0,91.0,926.0,232.0,0.15219005196733482,0.005291005291005291,0.05555555555555555,0.00966183574879227,0.010525490413132417,-0.028400625256861305,0.4953052608493023,0.5361630588059676,0.005291005291005291,0.9853195164075993,0.01468048359240069,0.9947089947089947,1.0,188.0,1141.0,17.0
equinox.csv,291,125,0.29553264604810997,0.36036036036036034,0.7272727272727273,0.48192771084337344,0.5173427395649618,0.34370237808185344,0.7987487487487488,0.6857063248815805,0.36036036036036034,0.9166666666666666,0.08333333333333333,0.6396396396396397,40.0,71.0,165.0,15.0,0.30927835051546393,0.35135135135135137,0.6842105263157895,0.4642857142857143,0.5053995680345573,0.3076334881956379,0.7830330330330331,0.6780285440079252,0.35135135135135137,0.9,0.1,0.6486486486486487,39.0,72.0,162.0,18.0,0.3402061855670103,0.36036036036036034,0.5882352941176471,0.446927374301676,0.5051512130275839,0.23508828904103327,0.5459209209209209,0.5385282189405908,0.36036036036036034,0.8444444444444444,0.15555555555555556,0.6396396396396397,40.0,71.0,152.0,28.0,0.3024054982817869,0.5225225225225225,0.6236559139784946,0.5686274509803921,0.6338797814207651,0.3417439892003158,0.805980980980981,0.691526578124517,0.5225225225225225,0.8055555555555556,0.19444444444444445,0.4774774774774775,58.0,53.0,145.0,35.0,0.3642611683848797,0.2882882882882883,0.5423728813559322,0.37647058823529406,0.4305500593589236,0.16707564434621827,0.7793293293293293,0.6744992415095504,0.2882882882882883,0.85,0.15,0.7117117117117117,32.0,79.0,153.0,27.0,0.38144329896907214,0.0,0.0,0.0,0.0,0.0,0.5,0.5298597566638807,0.0,1.0,0.0,1.0,0.0,111.0,180.0,0.0
jdt.csv,897,135,0.45484949832775917,0.7777777777777778,0.28654970760233917,0.41880341880341876,0.5959671396564601,0.21497031285831764,0.6883388634801064,0.6511062742946812,0.7777777777777778,0.4830508474576271,0.5169491525423728,0.2222222222222222,147.0,42.0,342.0,366.0,0.18171683389074694,0.5291005291005291,0.5747126436781609,0.5509641873278236,0.6651768384165854,0.43788902781861055,0.7903289690012854,0.7299581792335388,0.5291005291005291,0.8954802259887006,0.10451977401129943,0.4708994708994709,100.0,89.0,634.0,74.0,0.3333333333333333,0.5079365079365079,0.31788079470198677,0.3910386965376782,0.5918720754577945,0.18723946313401676,0.6200266044898813,0.5999068028053546,0.5079365079365079,0.7090395480225988,0.2909604519774011,0.49206349206349204,96.0,93.0,502.0,206.0,0.3734671125975474,0.07936507936507936,0.08522727272727272,0.0821917808219178,0.14394358043209388,-0.15201661396987468,0.39274878187307566,0.41889189715276737,0.07936507936507936,0.7725988700564972,0.2274011299435028,0.9206349206349206,15.0,174.0,547.0,161.0,0.21516164994425863,0.23809523809523808,0.4787234042553192,0.31802120141342755,0.37919327924506585,0.22486403102698205,0.516934206199743,0.513923542909051,0.23809523809523808,0.9307909604519774,0.0692090395480226,0.7619047619047619,45.0,144.0,659.0,49.0,0.21070234113712374,0.0,0.0,0.0,0.0,0.0,0.5,0.5163301540113137,0.0,1.0,0.0,1.0,0.0,189.0,708.0,0.0
lucene.csv,622,88,0.16881028938906753,0.3448275862068966,0.22988505747126436,0.27586206896551724,0.49568643095796133,0.18949134576269377,0.6090884079236977,0.6012584543740984,0.3448275862068966,0.8812056737588653,0.11879432624113476,0.6551724137931034,20.0,38.0,497.0,67.0,0.16559485530546625,0.4827586206896552,0.27722772277227725,0.35220125786163525,0.6210978088999323,0.27857978111432613,0.7211879432624113,0.7031544517130444,0.4827586206896552,0.8705673758865248,0.12943262411347517,0.5172413793103449,28.0,30.0,491.0,73.0,0.7845659163987139,0.8620689655172413,0.09433962264150944,0.17006802721088435,0.2539912917271408,0.009013990655587598,0.6380227439471754,0.6459973389511001,0.8620689655172413,0.14893617021276595,0.851063829787234,0.13793103448275862,50.0,8.0,84.0,480.0,0.837620578778135,0.9137931034482759,0.09314586994727592,0.16905901116427433,0.1557106132941609,-0.0011461854312501856,0.5102408901932013,0.5549395720146345,0.9137931034482759,0.0851063829787234,0.9148936170212766,0.08620689655172414,53.0,5.0,48.0,516.0,0.2620578778135048,0.41379310344827586,0.1568627450980392,0.22748815165876776,0.5386163132642006,0.12495588969969373,0.5431645879188065,0.5399711719702825,0.41379310344827586,0.7712765957446809,0.22872340425531915,0.5862068965517241,24.0,34.0,435.0,129.0,0.0932475884244373,0.0,0.0,0.0,0.0,0.0,0.5,0.5538030823816359,0.0,1.0,0.0,1.0,0.0,58.0,564.0,0.0
mylyn.csv,1676,146,0.5560859188544153,0.7272727272727273,0.15503875968992248,0.25559105431309903,0.5170429393536963,0.08912063982193896,0.5845092407592407,0.5746501410284223,0.7272727272727273,0.4010989010989011,0.5989010989010989,0.2727272727272727,160.0,60.0,584.0,872.0,0.27744630071599047,0.6136363636363636,0.2621359223300971,0.3673469387755102,0.6705132939438699,0.2581148143970928,0.7489479270729271,0.7177505966587099,0.6136363636363636,0.739010989010989,0.260989010989011,0.38636363636363635,135.0,85.0,1076.0,380.0,0.13365155131264916,0.0,0.0,0.0,0.0,-0.019012643809805076,0.5058379120879121,0.5150059665871095,0.0,0.9972527472527473,0.0027472527472527475,1.0,0.0,220.0,1452.0,4.0,0.42064439140811455,0.6590909090909091,0.1870967741935484,0.2914572864321608,0.6097647897362795,0.1533389626100821,0.6067432567432568,0.5988392275981758,0.6590909090909091,0.5673076923076923,0.4326923076923077,0.3409090909090909,145.0,75.0,826.0,630.0,0.24045346062052506,0.5045454545454545,0.2740740740740741,0.3552,0.6182391625285196,0.23872218457863648,0.7539226398601399,0.7208857669776457,0.5045454545454545,0.7980769230769231,0.20192307692307693,0.4954545454545455,111.0,109.0,1162.0,294.0,0.13126491646778043,0.0,0.0,0.0,0.0,0.0,0.5,0.5111249728791475,0.0,1.0,0.0,1.0,0.0,220.0,1456.0,0.0
pde.csv,1347,90,0.5545657015590201,0.7421052631578947,0.16805721096543505,0.2740524781341108,0.517034356313437,0.09969778764986287,0.5758313242050676,0.577048411675066,0.7421052631578947,0.39671564390665515,0.6032843560933449,0.2578947368421053,141.0,49.0,459.0,698.0,0.5441722345953972,0.8526315789473684,0.18685121107266436,0.3065279091769158,0.535823265548051,0.1768276733978318,0.7369217122321794,0.705024811471888,0.8526315789473684,0.39066551426101986,0.6093344857389801,0.14736842105263157,162.0,28.0,452.0,705.0,0.3838158871566444,0.6736842105263158,0.2195540308747856,0.3311772315653299,0.6384629595418436,0.19700645912429005,0.642059773461311,0.6427187121478577,0.6736842105263158,0.6067415730337079,0.39325842696629215,0.3263157894736842,128.0,62.0,702.0,455.0,0.3674832962138085,0.2894736842105263,0.13253012048192772,0.18181818181818182,0.40764420059051915,-0.016341330759331637,0.46757949324478004,0.47847458289376094,0.2894736842105263,0.6888504753673294,0.3111495246326707,0.7105263157894737,55.0,135.0,797.0,360.0,0.3986636971046771,0.7684210526315789,0.22848200312989045,0.35223160434258144,0.6570648158816871,0.2386203667956819,0.7468657599053814,0.7120697065603896,0.7684210526315789,0.5738980121002593,0.4261019878997407,0.23157894736842105,146.0,44.0,664.0,493.0,0.14105419450631032,0.0,0.0,0.0,0.0,0.0,0.5,0.5398038526159494,0.0,1.0,0.0,1.0,0.0,190.0,1157.0,0.0
equinox.csv,291,130,0.27491408934707906,0.4107142857142857,0.7666666666666667,0.5348837209302325,0.5682413715654713,0.39989701957927176,0.8028980446927374,0.6870704467353935,0.4107142857142857,0.9217877094972067,0.0782122905027933,0.5892857142857143,46.0,66.0,165.0,14.0,0.31958762886597936,0.22321428571428573,0.8064516129032258,0.34965034965034963,0.3626682319399606,0.29917360708409974,0.8334247805267359,0.7063082965144803,0.22321428571428573,0.9664804469273743,0.0335195530726257,0.7767857142857143,25.0,87.0,173.0,6.0,0.36769759450171824,0.38392857142857145,0.5308641975308642,0.44559585492227977,0.516241645025331,0.18633609463300316,0.6075169592976856,0.5844992636229733,0.38392857142857145,0.7877094972067039,0.2122905027932961,0.6160714285714286,43.0,69.0,141.0,38.0,0.2852233676975945,0.5446428571428571,0.6559139784946236,0.5951219512195122,0.654931892049812,0.38176008786507,0.7989325618515563,0.6864567992145295,0.5446428571428571,0.8212290502793296,0.1787709497206704,0.45535714285714285,61.0,51.0,147.0,32.0,0.30927835051546393,0.24107142857142858,0.84375,0.375,0.38633279881583815,0.3314915747636286,0.7340133679169992,0.6455878743249861,0.24107142857142858,0.9720670391061452,0.027932960893854747,0.7589285714285714,27.0,85.0,174.0,5.0,0.3848797250859107,0.0,0.0,0.0,0.0,0.0,0.5,0.5316642120765819,0.0,1.0,0.0,1.0,0.0,112.0,179.0,0.0
jdt.csv,897,135,0.5707915273132664,0.8770053475935828,0.25114854517611024,0.3904761904761904,0.45946237172539256,0.17186459096042594,0.6273857046019432,0.6010230179028143,0.8770053475935828,0.3112676056338028,0.6887323943661972,0.12299465240641712,164.0,23.0,221.0,489.0,0.29654403567447046,0.8074866310160428,0.3963254593175853,0.5316901408450704,0.7359496370005584,0.3973724113805681,0.8041763952700158,0.7416522096829031,0.8074866310160428,0.676056338028169,0.323943661971831,0.1925133689839572,151.0,36.0,480.0,230.0,0.4358974358974359,0.8770053475935828,0.3082706766917293,0.4561891515994436,0.6218388638203045,0.2966017052189534,0.6678165248173533,0.6388973345495128,0.8770053475935828,0.48169014084507045,0.5183098591549296,0.12299465240641712,164.0,23.0,342.0,368.0,0.5763656633221851,0.9090909090909091,0.2537313432835821,0.39673278879813306,0.4463336875664188,0.19141175114728362,0.6118324922798825,0.595627731177605,0.9090909090909091,0.29577464788732394,0.704225352112676,0.09090909090909091,170.0,17.0,210.0,500.0,0.28205128205128205,0.6363636363636364,0.39144736842105265,0.484725050916497,0.6840390879478827,0.32250979622101394,0.7373126459290502,0.6883968546372664,0.6363636363636364,0.7394366197183099,0.2605633802816901,0.36363636363636365,119.0,68.0,525.0,185.0,0.1850613154960981,0.13368983957219252,0.8620689655172413,0.2314814814814815,0.23569158454183692,0.2940973915889955,0.5640280183776456,0.5676258949916252,0.13368983957219252,0.9943661971830986,0.005633802816901409,0.8663101604278075,25.0,162.0,706.0,4.0
lucene.csv,622,98,0.16720257234726688,0.5263157894736842,0.2803738317757009,0.3658536585365854,0.654067819327168,0.29817213877155396,0.6653159447290793,0.6567101032323558,0.5263157894736842,0.863716814159292,0.13628318584070798,0.47368421052631576,30.0,27.0,488.0,77.0,0.2990353697749196,0.8771929824561403,0.2183406113537118,0.3496503496503497,0.768128631696251,0.3352195588648752,0.8297314081664338,0.8009815535623671,0.8771929824561403,0.6831858407079646,0.3168141592920354,0.12280701754385964,50.0,7.0,386.0,179.0,0.17363344051446947,0.5964912280701754,0.2857142857142857,0.38636363636363635,0.7008803951041441,0.3271798171500677,0.72038503337991,0.7194674789868599,0.5964912280701754,0.8495575221238938,0.1504424778761062,0.40350877192982454,34.0,23.0,480.0,85.0,0.9019292604501608,0.9649122807017544,0.08957654723127036,0.1639344262295082,0.021007734665945136,-0.06265206454535262,0.47899394503959014,0.5415185874654489,0.9649122807017544,0.010619469026548672,0.9893805309734514,0.03508771929824561,55.0,2.0,6.0,559.0,0.08520900321543408,0.14035087719298245,0.6666666666666666,0.2318840579710145,0.245938022303203,0.2795390732447523,0.5653625213476168,0.6026682461781493,0.14035087719298245,0.9929203539823008,0.007079646017699115,0.8596491228070176,8.0,49.0,561.0,4.0,0.09163987138263666,0.0,0.0,0.0,0.0,0.0,0.5,0.5483443335025687,0.0,1.0,0.0,1.0,0.0,57.0,565.0,0.0
mylyn.csv,1676,143,0.6014319809069213,0.7633928571428571,0.15186500888099466,0.2533333333333333,0.4726489071798009,0.0765855694281164,0.5672486840810704,0.5615197749744291,0.7633928571428571,0.34228650137741046,0.6577134986225895,0.23660714285714285,171.0,53.0,497.0,955.0,0.7643198090692124,0.9910714285714286,0.14790139906728847,0.2573913043478261,0.21271905532046873,0.1226445468992714,0.7108560237111373,0.6836536822366236,0.9910714285714286,0.11914600550964187,0.8808539944903582,0.008928571428571428,222.0,2.0,173.0,1279.0,0.4081145584725537,0.6741071428571429,0.19816272965879264,0.30628803245436104,0.6230607699025601,0.17310358387077437,0.6043511412829594,0.5954867030344332,0.6741071428571429,0.5792011019283747,0.42079889807162535,0.32589285714285715,151.0,73.0,841.0,611.0,0.27923627684964203,0.3392857142857143,0.1919191919191919,0.24516129032258063,0.4728072103759068,0.09524380516190102,0.5842264979338843,0.57297615496079,0.3392857142857143,0.7796143250688705,0.22038567493112948,0.6607142857142857,76.0,148.0,1132.0,320.0,0.36933174224343673,0.6026785714285714,0.20300751879699247,0.30371203599550056,0.618410723690094,0.16530491861974092,0.7057322412436049,0.6785474556767777,0.6026785714285714,0.6349862258953168,0.3650137741046832,0.39732142857142855,135.0,89.0,922.0,530.0,0.13365155131264916,0.0,0.0,0.0,0.0,0.0,0.5,0.5154278895328989,0.0,1.0,0.0,1.0,0.0,224.0,1452.0,0.0
pde.csv,1347,97,0.47438752783964366,0.6,0.16420118343195267,0.2578397212543554,0.5535465924895688,0.07832125669390677,0.5287947155417035,0.5304239651678381,0.6,0.5137693631669535,0.48623063683304646,0.4,111.0,74.0,597.0,565.0,0.821826280623608,0.9837837837837838,0.14152410575427682,0.24745071380013597,0.09500751527806534,0.05578328833102236,0.6799995348188119,0.656746724452734,0.9837837837837838,0.04991394148020654,0.9500860585197934,0.016216216216216217,182.0,3.0,58.0,1104.0,0.17520415738678544,0.1783783783783784,0.28205128205128205,0.2185430463576159,0.29922279792746115,0.12966259382567236,0.5550867562915756,0.5743293404763302,0.1783783783783784,0.927710843373494,0.07228915662650602,0.8216216216216217,33.0,152.0,1078.0,84.0,0.14253897550111358,0.016216216216216217,0.23076923076923078,0.030303030303030304,0.031910473394088805,0.026794445884710832,0.3610503791226683,0.38973895944942666,0.016216216216216217,0.9913941480206541,0.008605851979345954,0.9837837837837838,3.0,182.0,1152.0,10.0,0.13140311804008908,0.08648648648648649,0.6666666666666666,0.15311004784688997,0.15911617445558035,0.20712203306355995,0.5126017583848909,0.5112421998836243,0.08648648648648649,0.9931153184165232,0.0068846815834767644,0.9135135135135135,16.0,169.0,1154.0,8.0,0.13734224201930215,0.0,0.0,0.0,0.0,0.0,0.5,0.5333614237845851,0.0,1.0,0.0,1.0,0.0,185.0,1162.0,0.0
equinox.csv,292,126,0.339041095890411,0.2459016393442623,0.8108108108108109,0.37735849056603776,0.3914191947490595,0.3035321244291549,0.6603182256509161,0.5952167078374135,0.2459016393442623,0.9588235294117647,0.041176470588235294,0.7540983606557377,30.0,92.0,163.0,7.0,0.3698630136986301,0.13934426229508196,0.85,0.23943661971830985,0.2440680880330124,0.2376213859931099,0.8115477338476375,0.6838086683134956,0.13934426229508196,0.9823529411764705,0.01764705882352941,0.860655737704918,17.0,105.0,167.0,3.0,0.3116438356164384,0.39344262295081966,0.7384615384615385,0.5133689839572192,0.5475285171102662,0.347902832857169,0.5853182256509161,0.5629631708960265,0.39344262295081966,0.9,0.1,0.6065573770491803,48.0,74.0,153.0,17.0,0.2876712328767123,0.5819672131147541,0.6826923076923077,0.6283185840707964,0.6758615897720955,0.3994588906852354,0.8124397299903569,0.6837805973501008,0.5819672131147541,0.8058823529411765,0.19411764705882353,0.4180327868852459,71.0,51.0,137.0,33.0,0.3938356164383562,0.05737704918032787,1.0,0.10852713178294575,0.10852713178294575,0.18499974737446703,0.5709498553519768,0.5458118122613969,0.05737704918032787,1.0,0.0,0.9426229508196722,7.0,115.0,170.0,0.0,0.4178082191780822,0.0,0.0,0.0,0.0,0.0,0.5,0.5381203682910397,0.0,1.0,0.0,1.0,0.0,122.0,170.0,0.0
jdt.csv,897,132,0.29208472686733555,0.7795698924731183,0.39617486338797814,0.5253623188405798,0.7315880248153009,0.3866656162500753,0.7630287494517792,0.7090181129451806,0.7795698924731183,0.6891701828410689,0.3108298171589311,0.22043010752688172,145.0,41.0,490.0,221.0,0.21516164994425863,0.5698924731182796,0.4840182648401826,0.5234567901234567,0.6794216319924542,0.38784249314002284,0.7817287479394461,0.7243200153438568,0.5698924731182796,0.8410689170182841,0.1589310829817159,0.43010752688172044,106.0,80.0,598.0,113.0,0.24972129319955408,0.20967741935483872,0.33620689655172414,0.2582781456953643,0.3395192683981793,0.12248582320543557,0.6966902590626559,0.6631603553062143,0.20967741935483872,0.8917018284106891,0.10829817158931083,0.7903225806451613,39.0,147.0,634.0,77.0,0.326644370122631,0.04838709677419355,0.072,0.05787781350482315,0.09148450913563795,-0.13434793793933114,0.4393062928179302,0.4588952422051992,0.04838709677419355,0.8368495077355836,0.1631504922644163,0.9516129032258065,9.0,177.0,595.0,116.0,0.20735785953177258,0.0,0.0,0.0,0.0,0.0,0.5996249413970933,0.577510458997135,0.0,1.0,0.0,1.0,0.0,186.0,711.0,0.0,0.20735785953177258,0.0,0.0,0.0,0.0,0.0,0.5,0.5143069490895565,0.0,1.0,0.0,1.0,0.0,186.0,711.0,0.0
lucene.csv,622,104,0.0819935691318328,0.1896551724137931,0.7333333333333333,0.30136986301369867,0.31847792368938066,0.34603997758558885,0.6760516018586451,0.6561980263887296,0.1896551724137931,0.9929078014184397,0.0070921985815602835,0.8103448275862069,11.0,47.0,560.0,4.0,0.10610932475884244,0.39655172413793105,0.42592592592592593,0.41071428571428575,0.5586747482112747,0.3527638473331177,0.8206162876008805,0.7921055549395702,0.39655172413793105,0.9450354609929078,0.0549645390070922,0.603448275862069,23.0,35.0,533.0,31.0,0.6109324758842444,0.7586206896551724,0.1073170731707317,0.18803418803418803,0.4799999999999999,0.06728821796591827,0.6486304719980436,0.6473833019181677,0.7586206896551724,0.35106382978723405,0.648936170212766,0.2413793103448276,44.0,14.0,198.0,366.0,0.11254019292604502,0.13793103448275862,0.2857142857142857,0.18604651162790697,0.24134871339840286,0.14370709920078986,0.5859776228906823,0.5792770817163759,0.13793103448275862,0.9645390070921985,0.03546099290780142,0.8620689655172413,8.0,50.0,544.0,20.0,0.7347266881028939,0.9137931034482759,0.10495049504950495,0.1882770870337478,0.32626140485874455,0.08361483440616096,0.706285155294693,0.6878534205565979,0.9137931034482759,0.19858156028368795,0.8014184397163121,0.08620689655172414,53.0,5.0,112.0,452.0,0.0932475884244373,0.0,0.0,0.0,0.0,0.0,0.5,0.5505044905200102,0.0,1.0,0.0,1.0,0.0,58.0,564.0,0.0
mylyn.csv,1676,139,0.2165871121718377,0.4253393665158371,0.28484848484848485,0.3411978221415608,0.56422819072849,0.22389020436985668,0.6487443827650013,0.6288917806887775,0.4253393665158371,0.8378006872852234,0.16219931271477664,0.5746606334841629,94.0,127.0,1219.0,236.0,0.425417661097852,0.751131221719457,0.20145631067961164,0.31770334928229665,0.6335286244783525,0.20228634985682825,0.692954548988509,0.66851963844102,0.751131221719457,0.547766323024055,0.452233676975945,0.248868778280543,166.0,55.0,797.0,658.0,0.2822195704057279,0.4343891402714932,0.21621621621621623,0.2887218045112782,0.5530290611900803,0.14967232106670766,0.5718290805616457,0.5813453709003337,0.4343891402714932,0.7608247422680412,0.23917525773195877,0.5656108597285068,96.0,125.0,1107.0,348.0,0.8657517899761337,1.0,0.13217703349282298,0.23349181193872162,0.0054832076764907275,0.019062352634257342,0.5013745704467354,0.5150244603073467,1.0,0.0027491408934707906,0.9972508591065292,0.0,221.0,0.0,4.0,1451.0,0.1318615751789976,0.0,0.0,0.0,0.0,0.0,0.5782338946680973,0.5863184267648653,0.0,1.0,0.0,1.0,0.0,221.0,1455.0,0.0,0.1318615751789976,0.0,0.0,0.0,0.0,0.0,0.5,0.5143306083219041,0.0,1.0,0.0,1.0,0.0,221.0,1455.0,0.0
pde.csv,1347,102,0.1603563474387528,0.26881720430107525,0.38461538461538464,0.31645569620253167,0.41718766884329794,0.2335567920028462,0.5882558602613617,0.5772205857700471,0.26881720430107525,0.9310938845822567,0.06890611541774333,0.7311827956989247,50.0,136.0,1081.0,80.0,0.18930957683741648,0.3763440860215054,0.3349282296650718,0.35443037974683544,0.527266161068978,0.24452221352559836,0.727781482407639,0.6977073704209265,0.3763440860215054,0.880275624461671,0.11972437553832903,0.6236559139784946,70.0,116.0,1022.0,139.0,0.14996288047512993,0.1774193548387097,0.4024390243902439,0.24626865671641796,0.29938199840910484,0.19509368286751855,0.4881220305076269,0.5243112931165226,0.1774193548387097,0.9577950043066322,0.04220499569336779,0.8225806451612904,33.0,153.0,1112.0,49.0,0.7668893838158871,0.956989247311828,0.1479634247714048,0.25629949604031677,0.20873104149960772,0.08276570789643334,0.5425476739555259,0.5609119429077744,0.956989247311828,0.11714039621016366,0.8828596037898363,0.043010752688172046,178.0,8.0,136.0,1025.0,0.6718634001484781,0.967741935483871,0.16682113067655235,0.2845849802371541,0.36598994226112874,0.16713683844568483,0.747490113269058,0.7136807401553342,0.967741935483871,0.22566752799310938,0.7743324720068906,0.03225806451612903,180.0,6.0,262.0,899.0,0.13808463251670378,0.0,0.0,0.0,0.0,0.0,0.5,0.5356187784882391,0.0,1.0,0.0,1.0,0.0,186.0,1161.0,0.0
equinox.csv,292,125,0.2910958904109589,0.43103448275862066,0.7246376811594203,0.5405405405405406,0.5812231600770028,0.3721502726947837,0.8295454545454546,0.6995453471894193,0.43103448275862066,0.8920454545454546,0.10795454545454546,0.5689655172413793,50.0,66.0,157.0,19.0,0.339041095890411,0.19827586206896552,0.7931034482758621,0.31724137931034485,0.3290138000673174,0.2686221422392898,0.7596003134796239,0.6591284837033536,0.19827586206896552,0.9659090909090909,0.03409090909090909,0.8017241379310345,23.0,93.0,170.0,6.0,0.3732876712328767,0.3620689655172414,0.5454545454545454,0.43523316062176165,0.4987367357251137,0.181240424900823,0.6162323667711599,0.589808691544639,0.3620689655172414,0.8011363636363636,0.19886363636363635,0.6379310344827587,42.0,74.0,141.0,35.0,0.2842465753424658,0.6293103448275862,0.6460176991150443,0.6375545851528385,0.6936836221352711,0.40391155916725857,0.7849235893416928,0.6774622106754844,0.6293103448275862,0.7727272727272727,0.22727272727272727,0.3706896551724138,73.0,43.0,136.0,40.0,0.3150684931506849,0.3275862068965517,0.7307692307692307,0.4523809523809524,0.4832025117739404,0.31724959461112945,0.6940144984326019,0.6186525743977322,0.3275862068965517,0.9204545454545454,0.07954545454545454,0.6724137931034483,38.0,78.0,162.0,14.0,0.3972602739726027,0.0,0.0,0.0,0.0,0.0,0.5,0.540387340576287,0.0,1.0,0.0,1.0,0.0,116.0,176.0,0.0
jdt.csv,897,130,0.38684503901895206,0.4175824175824176,0.23974763406940064,0.3046092184368738,0.5124032771961766,0.06774013398757658,0.46598017367248135,0.47213544537959257,0.4175824175824176,0.6629370629370629,0.33706293706293705,0.5824175824175825,76.0,106.0,474.0,241.0,0.443701226309922,0.8791208791208791,0.29850746268656714,0.4456824512534818,0.6160206248793285,0.2896882618367717,0.8072658111119649,0.7454457471179858,0.8791208791208791,0.47412587412587415,0.5258741258741259,0.12087912087912088,160.0,22.0,339.0,376.0,0.4269788182831661,0.8516483516483516,0.30332681017612523,0.4473304473304473,0.6317444639339702,0.2873270154715794,0.6780450318911857,0.6481985127470087,0.8516483516483516,0.5020979020979021,0.4979020979020979,0.14835164835164835,155.0,27.0,359.0,356.0,0.5975473801560758,0.9065934065934066,0.2412280701754386,0.3810623556581986,0.42096493911368266,0.17079507828668777,0.5971144240375009,0.5832751418035711,0.9065934065934066,0.27412587412587414,0.7258741258741259,0.09340659340659341,165.0,17.0,196.0,519.0,0.40914158305462656,0.7967032967032966,0.30526315789473685,0.4414003044140031,0.6426084203861981,0.2700499689144998,0.7724583109198494,0.7177343281022199,0.7967032967032966,0.5384615384615384,0.46153846153846156,0.2032967032967033,145.0,37.0,385.0,330.0,0.2028985507246377,0.0,0.0,0.0,0.0,0.0,0.5,0.5145233807441156,0.0,1.0,0.0,1.0,0.0,182.0,715.0,0.0
lucene.csv,622,108,0.2877813504823151,0.5666666666666667,0.18181818181818182,0.27530364372469635,0.6371884164222873,0.18956255504673045,0.6161180308422302,0.6090032154340835,0.5666666666666667,0.7277580071174378,0.2722419928825623,0.43333333333333335,34.0,26.0,409.0,153.0,0.3665594855305466,0.8666666666666667,0.19117647058823528,0.3132530120481928,0.7150209070440655,0.28281906301904386,0.8213671411625149,0.7920953912111438,0.8666666666666667,0.608540925266904,0.3914590747330961,0.13333333333333333,52.0,8.0,342.0,220.0,0.40192926045016075,0.8833333333333333,0.17905405405405406,0.2977528089887641,0.6911253730123043,0.2665732382017825,0.7291814946619217,0.7158628081457645,0.8833333333333333,0.5676156583629893,0.43238434163701067,0.11666666666666667,53.0,7.0,319.0,243.0,0.819935691318328,0.8833333333333333,0.09532374100719425,0.17207792207792208,0.1876612854828063,-0.011200646099400564,0.49750889679715304,0.5300375133976427,0.8833333333333333,0.10498220640569395,0.895017793594306,0.11666666666666667,53.0,7.0,59.0,503.0,0.3279742765273312,0.55,0.15714285714285714,0.24444444444444446,0.6101426307448494,0.1467411876237591,0.6415480427046263,0.6286977491961399,0.55,0.6850533807829181,0.31494661921708184,0.45,33.0,27.0,385.0,177.0,0.09646302250803858,0.0,0.0,0.0,0.0,0.0,0.5,0.5481779206859585,0.0,1.0,0.0,1.0,0.0,60.0,562.0,0.0
mylyn.csv,1676,137,0.16945107398568018,0.3008849557522124,0.35051546391752575,0.3238095238095238,0.4526222651222651,0.22845648661994383,0.6772078120231919,0.6670802796375723,0.3008849557522124,0.9131034482758621,0.08689655172413793,0.6991150442477876,68.0,158.0,1324.0,126.0,0.6091885441527446,0.8716814159292036,0.16568544995794784,0.2784452296819788,0.4636985491753992,0.14108628385001623,0.6582987488556606,0.6377225589794498,0.8716814159292036,0.3158620689655172,0.6841379310344827,0.12831858407079647,197.0,29.0,458.0,992.0,0.6652744630071599,0.9247787610619469,0.15990818668706963,0.27266797129810827,0.38456672991777346,0.13810168194362482,0.5836389990845285,0.5779141233869128,0.9247787610619469,0.24275862068965517,0.7572413793103449,0.0752212389380531,209.0,17.0,352.0,1098.0,0.22374701670644392,0.3185840707964602,0.24573378839590443,0.27745664739884396,0.4631012628416816,0.1494330518548517,0.6638373512358865,0.6421948592307837,0.3185840707964602,0.8475862068965517,0.15241379310344827,0.6814159292035398,72.0,154.0,1229.0,221.0,0.7022673031026253,0.915929203539823,0.15164835164835164,0.26021370207416716,0.3301669843940329,0.1030673793299313,0.7014144034177602,0.6745569941073379,0.915929203539823,0.2013793103448276,0.7986206896551724,0.084070796460177,207.0,19.0,292.0,1158.0,0.13484486873508353,0.0,0.0,0.0,0.0,0.0,0.5,0.5143884512218324,0.0,1.0,0.0,1.0,0.0,226.0,1450.0,0.0
pde.csv,1347,112,0.236822568671121,0.44086021505376344,0.2760942760942761,0.33954451345755693,0.5721535045987948,0.2127590405330311,0.5916154964667093,0.5786095744426077,0.44086021505376344,0.8148148148148148,0.18518518518518517,0.5591397849462365,82.0,104.0,946.0,215.0,0.5256124721603563,0.8602150537634409,0.19002375296912113,0.31128404669260695,0.5576778944457785,0.19440165655506053,0.7324794161503339,0.7013394959727353,0.8602150537634409,0.4125753660637382,0.5874246339362619,0.13978494623655913,160.0,26.0,479.0,682.0,0.7958426132145509,0.9731182795698925,0.1450320512820513,0.2524407252440725,0.1494914881933003,0.07150035309098154,0.5151310975892122,0.5409472264131381,0.9731182795698925,0.08096468561584841,0.9190353143841516,0.026881720430107527,181.0,5.0,94.0,1067.0,0.5998515219005197,0.7903225806451613,0.16048034934497818,0.26678765880217786,0.47314423657211824,0.09463876910822723,0.5676002333916813,0.5730336630185741,0.7903225806451613,0.3376399655469423,0.6623600344530577,0.20967741935483872,147.0,39.0,392.0,769.0,0.8455827765404603,0.9946236559139785,0.1398337112622827,0.24519549370444002,0.03884727224588362,0.03764251891902797,0.7452650199586934,0.7106992041254521,0.9946236559139785,0.019810508182601206,0.9801894918173988,0.005376344086021506,185.0,1.0,23.0,1138.0,0.13808463251670378,0.0,0.0,0.0,0.0,0.0,0.5,0.5358303198665307,0.0,1.0,0.0,1.0,0.0,186.0,1161.0,0.0
equinox.csv,292,114,0.2842465753424658,0.4358974358974359,0.75,0.5513513513513514,0.5879391485170187,0.39275223374471085,0.8312087912087912,0.7001522070015218,0.4358974358974359,0.9028571428571428,0.09714285714285714,0.5641025641025641,51.0,66.0,158.0,17.0,0.3253424657534247,0.19658119658119658,0.9583333333333334,0.326241134751773,0.32826149366361806,0.34054113718832835,0.7717704517704518,0.6650860554970129,0.19658119658119658,0.9942857142857143,0.005714285714285714,0.8034188034188035,23.0,94.0,174.0,1.0,0.3356164383561644,0.29914529914529914,0.6862745098039216,0.41666666666666663,0.450097055968942,0.2680956813528321,0.5651526251526251,0.564395269874722,0.29914529914529914,0.9085714285714286,0.09142857142857143,0.7008547008547008,35.0,82.0,159.0,16.0,0.2773972602739726,0.5982905982905983,0.6730769230769231,0.6334841628959277,0.6866803492538353,0.4134309413104389,0.8185592185592185,0.6951176677204074,0.5982905982905983,0.8057142857142857,0.19428571428571428,0.4017094017094017,70.0,47.0,141.0,34.0,0.3253424657534247,0.3162393162393162,0.7115384615384616,0.4378698224852071,0.469934510815638,0.29527232976391515,0.7921367521367522,0.6774967802365072,0.3162393162393162,0.9142857142857143,0.08571428571428572,0.6837606837606838,37.0,80.0,160.0,15.0,0.4006849315068493,0.0,0.0,0.0,0.0,0.0,0.5,0.5405982905982909,0.0,1.0,0.0,1.0,0.0,117.0,175.0,0.0
jdt.csv,897,135,0.39687848383500557,0.8465608465608465,0.32854209445585214,0.4733727810650887,0.6579991256901381,0.31492655980545275,0.7224352076046991,0.6759332991217092,0.8465608465608465,0.538135593220339,0.461864406779661,0.15343915343915343,160.0,29.0,381.0,327.0,0.19286510590858416,0.6455026455026455,0.5350877192982456,0.5851318944844125,0.7338749163144378,0.46436614183534913,0.8213575763010791,0.7544489863330426,0.6455026455026455,0.8502824858757062,0.1497175141242938,0.3544973544973545,122.0,67.0,602.0,106.0,0.19175027870680045,0.24867724867724866,0.6103896103896104,0.3533834586466165,0.3948258558525071,0.30033342162917187,0.5316339341763071,0.534715955005811,0.24867724867724866,0.9576271186440678,0.0423728813559322,0.7513227513227513,47.0,142.0,678.0,30.0,0.21850613154960982,0.015873015873015872,0.23076923076923078,0.0297029702970297,0.03124300613222327,0.005967198951293041,0.40086838250680057,0.41911604230444915,0.015873015873015872,0.9858757062146892,0.014124293785310734,0.9841269841269841,3.0,186.0,698.0,10.0,0.1616499442586399,0.5714285714285714,0.627906976744186,0.5983379501385041,0.7019073569482289,0.4982981302192642,0.7844587929333692,0.7250800729061662,0.5714285714285714,0.9096045197740112,0.0903954802259887,0.42857142857142855,108.0,81.0,644.0,64.0,0.21070234113712374,0.0,0.0,0.0,0.0,0.0,0.5,0.5101720608966989,0.0,1.0,0.0,1.0,0.0,189.0,708.0,0.0
lucene.csv,622,94,0.15755627009646303,0.43103448275862066,0.2777777777777778,0.33783783783783783,0.5796663723804655,0.2610175457705301,0.694424064563463,0.6808681672025709,0.43103448275862066,0.8847517730496454,0.11524822695035461,0.5689655172413793,25.0,33.0,499.0,65.0,0.1527331189710611,0.6379310344827587,0.3333333333333333,0.43786982248520717,0.7356760266190554,0.38481700025059756,0.8481749816581071,0.8170806076061626,0.6379310344827587,0.8687943262411347,0.13120567375886524,0.3620689655172414,37.0,21.0,490.0,74.0,0.364951768488746,0.896551724137931,0.19047619047619047,0.31419939577039274,0.7247165901426191,0.2957327947479237,0.7513145023233064,0.7409912407140498,0.896551724137931,0.6081560283687943,0.39184397163120566,0.10344827586206896,52.0,6.0,343.0,221.0,0.6768488745980707,1.0,0.12108559498956159,0.2160148975791434,0.40452616690240445,0.17521638134006354,0.651595744680851,0.6695032708725989,1.0,0.25354609929078015,0.7464539007092199,0.0,58.0,0.0,143.0,421.0,0.07877813504823152,0.3103448275862069,0.6666666666666666,0.4235294117647059,0.4718719002408956,0.4200803560799068,0.6968085106382979,0.6792604501607665,0.3103448275862069,0.9840425531914894,0.015957446808510637,0.6896551724137931,18.0,40.0,555.0,9.0,0.0932475884244373,0.0,0.0,0.0,0.0,0.0,0.5,0.5513083490409105,0.0,1.0,0.0,1.0,0.0,58.0,564.0,0.0
mylyn.csv,1676,134,0.20107398568019094,0.3108108108108108,0.2727272727272727,0.2905263157894737,0.4584765582081587,0.17447570242874638,0.6266636306182386,0.6084171880711287,0.3108108108108108,0.8734525447042641,0.1265474552957359,0.6891891891891891,69.0,153.0,1270.0,184.0,0.30250596658711215,0.6936936936936937,0.2596964586846543,0.37791411042944784,0.6958770918383246,0.2777448682523474,0.7535410238298822,0.7207207207207136,0.6936936936936937,0.6980742778541953,0.30192572214580465,0.3063063063063063,154.0,68.0,1015.0,439.0,0.1509546539379475,0.17567567567567569,0.3577981651376147,0.23564954682779454,0.2966089121152673,0.17532031085578811,0.5637663110152794,0.5652131845449281,0.17567567567567569,0.951856946354883,0.048143053645116916,0.8243243243243243,39.0,183.0,1384.0,70.0,0.272673031026253,0.581081081081081,0.2616632860040568,0.36083916083916084,0.654691232138118,0.24605143752958103,0.7189378167713794,0.6921187297082366,0.581081081081081,0.749656121045392,0.25034387895460797,0.4189189189189189,129.0,93.0,1090.0,364.0,0.6121718377088305,0.9234234234234234,0.16886326194398682,0.28551532033426186,0.4597339112029431,0.17408648218253595,0.7489730101490761,0.7162968457717834,0.9234234234234234,0.30605226960110044,0.6939477303988996,0.07657657657657657,205.0,17.0,445.0,1009.0,0.1324582338902148,0.0,0.0,0.0,0.0,0.0,0.5,0.5155668795286935,0.0,1.0,0.0,1.0,0.0,222.0,1454.0,0.0
pde.csv,1347,97,0.34743875278396436,0.5,0.20512820512820512,0.29090909090909095,0.5755237045203969,0.13063335607862114,0.5825126262626262,0.5743859811927741,0.5,0.6779220779220779,0.3220779220779221,0.5,96.0,96.0,783.0,372.0,0.40311804008908686,0.6510416666666666,0.2079866888519135,0.31525851197982346,0.6178501363092054,0.1680305655219543,0.6983518217893218,0.6712022086117254,0.6510416666666666,0.5878787878787879,0.4121212121212121,0.3489583333333333,125.0,67.0,679.0,476.0,0.24498886414253898,0.18229166666666666,0.16826923076923078,0.175,0.30021531298996806,0.031451393302790155,0.49054608585858583,0.5068129794605305,0.18229166666666666,0.8502164502164502,0.1497835497835498,0.8177083333333334,35.0,157.0,982.0,173.0,0.34521158129175944,0.5885416666666666,0.22645290581162325,0.3270622286541245,0.6247919385396332,0.1841248468995165,0.6558261183261184,0.6371373113090825,0.5885416666666666,0.6658008658008658,0.3341991341991342,0.4114583333333333,113.0,79.0,769.0,386.0,0.540460282108389,0.8489583333333334,0.18909512761020883,0.30929791271347257,0.5389660535790034,0.17753575497072047,0.7408707611832612,0.7063884248948296,0.8489583333333334,0.3948051948051948,0.6051948051948052,0.15104166666666666,163.0,29.0,456.0,699.0,0.14253897550111358,0.0,0.0,0.0,0.0,0.0,0.5,0.5307744060876015,0.0,1.0,0.0,1.0,0.0,192.0,1155.0,0.0
equinox.csv,292,124,0.3116438356164384,0.4051724137931034,0.6811594202898551,0.508108108108108,0.5538720538720538,0.3227258277462345,0.7789478840125392,0.670347189418987,0.4051724137931034,0.875,0.125,0.5948275862068966,47.0,69.0,154.0,22.0,0.3219178082191781,0.2413793103448276,0.8235294117647058,0.37333333333333335,0.38623823433950016,0.31623578951085524,0.6715811128526645,0.6052786962683032,0.2413793103448276,0.9659090909090909,0.03409090909090909,0.7586206896551724,28.0,88.0,170.0,6.0,0.3287671232876712,0.2413793103448276,0.7777777777777778,0.368421052631579,0.38532110091743116,0.2916106827895074,0.5946316614420063,0.587830656589513,0.2413793103448276,0.9545454545454546,0.045454545454545456,0.7586206896551724,28.0,88.0,168.0,8.0,0.2910958904109589,0.5862068965517241,0.6476190476190476,0.6153846153846154,0.6729317955289762,0.38338417699439675,0.8059365203761756,0.6888580538497868,0.5862068965517241,0.7897727272727273,0.21022727272727273,0.41379310344827586,68.0,48.0,139.0,37.0,0.339041095890411,0.25,0.7073170731707317,0.36942675159235666,0.3942307692307692,0.2560907251715861,0.788205329153605,0.6754251299008032,0.25,0.9318181818181818,0.06818181818181818,0.75,29.0,87.0,164.0,12.0,0.3972602739726027,0.0,0.0,0.0,0.0,0.0,0.5,0.5418634860651865,0.0,1.0,0.0,1.0,0.0,116.0,176.0,0.0
jdt.csv,898,135,0.19265033407572382,0.25668449197860965,0.5853658536585366,0.3568773234200744,0.40436267708599055,0.2944206522911831,0.5832374376678174,0.5658623441277729,0.25668449197860965,0.9521800281293952,0.04781997187060478,0.7433155080213903,48.0,139.0,677.0,34.0,0.3051224944320713,0.7754010695187166,0.38461538461538464,0.5141843971631206,0.7209811696804866,0.369495542999102,0.7921884519055032,0.731953360408753,0.7754010695187166,0.6736990154711674,0.3263009845288326,0.22459893048128343,145.0,42.0,479.0,232.0,0.3195991091314031,0.7807486631016043,0.37244897959183676,0.5043177892918825,0.7117807098935317,0.3559459016091003,0.7293937137570794,0.6842120934221025,0.7807486631016043,0.6540084388185654,0.3459915611814346,0.2192513368983957,146.0,41.0,465.0,246.0,0.6169265033407573,0.9251336898395722,0.2426367461430575,0.3844444444444444,0.38176538908246216,0.16629923294084417,0.5839143482479298,0.5704119671760197,0.9251336898395722,0.24050632911392406,0.759493670886076,0.0748663101604278,173.0,14.0,171.0,540.0,0.20824053452115812,0.0,0.0,0.0,0.0,0.0,0.2943658476048647,0.34013196288841474,0.0,1.0,0.0,1.0,0.0,187.0,711.0,0.0,0.19599109131403117,0.06417112299465241,0.9230769230769231,0.12000000000000001,0.12059277292607326,0.21336708593995632,0.5313823266168761,0.535342948679777,0.06417112299465241,0.9985935302390999,0.0014064697609001407,0.9358288770053476,12.0,175.0,710.0,1.0
lucene.csv,622,93,0.09967845659163987,0.3728813559322034,0.46808510638297873,0.41509433962264153,0.5364394488759971,0.36416776538071277,0.6755576963602974,0.662924410049596,0.3728813559322034,0.955595026642984,0.04440497335701599,0.6271186440677966,22.0,37.0,538.0,25.0,0.1752411575562701,0.6440677966101694,0.30158730158730157,0.41081081081081083,0.7304882737408688,0.3556004597455507,0.804091278562182,0.7768543244863481,0.6440677966101694,0.8436944937833037,0.15630550621669628,0.3559322033898305,38.0,21.0,475.0,88.0,0.13504823151125403,0.11864406779661017,0.1794871794871795,0.14285714285714288,0.21077402891976188,0.07470370906656428,0.6558689827497968,0.6658673497193306,0.11864406779661017,0.9431616341030196,0.056838365896980464,0.8813559322033898,7.0,52.0,531.0,32.0,0.1270096463022508,0.2033898305084746,0.2727272727272727,0.23300970873786409,0.33461992910594723,0.1674866163645437,0.5631453773670109,0.5587497956291901,0.2033898305084746,0.9431616341030196,0.056838365896980464,0.7966101694915254,12.0,47.0,531.0,32.0,0.18971061093247588,0.6271186440677966,0.2781954887218045,0.38541666666666663,0.7142443783068783,0.3263166497397548,0.7911912574886354,0.7643740803313537,0.6271186440677966,0.8294849023090586,0.1705150976909414,0.3728813559322034,37.0,22.0,467.0,96.0,0.09485530546623794,0.0,0.0,0.0,0.0,0.0,0.5,0.5478772685159963,0.0,1.0,0.0,1.0,0.0,59.0,563.0,0.0
mylyn.csv,1676,149,0.5190930787589498,0.6940639269406392,0.15916230366492146,0.25894378194207834,0.5451643861910115,0.09729944299749148,0.5805589768179439,0.5709642440688293,0.6940639269406392,0.4488675360329444,0.5511324639670556,0.3059360730593607,152.0,67.0,654.0,803.0,0.493436754176611,0.8858447488584474,0.19477911646586346,0.3193415637860082,0.5964285630469628,0.2302125459371778,0.7606359473867301,0.7274522945477939,0.8858447488584474,0.4495538778311599,0.55044612216884,0.1141552511415525,194.0,25.0,655.0,802.0,0.17482100238663484,0.1415525114155251,0.22794117647058823,0.17464788732394365,0.24563449619785788,0.08576759297950252,0.5680418574477487,0.5615975196434216,0.1415525114155251,0.9279341111873713,0.0720658888126287,0.8584474885844748,31.0,188.0,1352.0,105.0,0.14439140811455847,0.0136986301369863,0.10344827586206896,0.024193548387096774,0.027020392749244712,-0.01071672810542488,0.5318036372981325,0.5280347860202037,0.0136986301369863,0.9821551132463967,0.017844886753603295,0.9863013698630136,3.0,216.0,1431.0,26.0,0.2869928400954654,0.6621004566210046,0.26268115942028986,0.3761348897535668,0.6901397277971058,0.27448899762508283,0.7774748262991134,0.7415296258759194,0.6621004566210046,0.7206588881262869,0.27934111187371313,0.3378995433789954,145.0,74.0,1050.0,407.0,0.13066825775656324,0.0,0.0,0.0,0.0,0.0,0.5,0.5191639149529742,0.0,1.0,0.0,1.0,0.0,219.0,1457.0,0.0
pde.csv,1348,100,0.24406528189910978,0.4397905759162304,0.27450980392156865,0.33802816901408456,0.5695989092478235,0.2063914286885864,0.6329150583518488,0.6145074339335368,0.4397905759162304,0.808124459809853,0.19187554019014694,0.5602094240837696,84.0,107.0,935.0,222.0,0.34718100890207715,0.6963350785340314,0.24493554327808473,0.36239782016348776,0.6700274482563277,0.24314981922472334,0.7324322245199943,0.7008832165550656,0.6963350785340314,0.6456352636127917,0.3543647363872083,0.3036649214659686,133.0,58.0,747.0,410.0,0.5786350148367952,0.8272251308900523,0.17458563535911603,0.2883211678832117,0.49617794390232695,0.13481829224606912,0.5598904007928068,0.5746461696210763,0.8272251308900523,0.3543647363872083,0.6456352636127917,0.17277486910994763,158.0,33.0,410.0,747.0,0.1446587537091988,0.010471204188481676,0.25,0.020100502512562814,0.020724269091400148,0.02399728376387419,0.5741039065646395,0.5814275948855773,0.010471204188481676,0.9948141745894555,0.005185825410544511,0.9895287958115183,2.0,189.0,1151.0,6.0,0.2878338278931751,0.6701570680628273,0.282560706401766,0.3975155279503106,0.6937669376693767,0.2873826235487044,0.7691040649449967,0.7313452545558983,0.6701570680628273,0.7191011235955056,0.2808988764044944,0.3298429319371728,128.0,63.0,832.0,325.0,0.142433234421365,0.0,0.0,0.0,0.0,-0.011070473745062316,0.4995678478824546,0.5321166125499068,0.0,0.9991356957649092,8.64304235090752E-4,1.0,0.0,191.0,1156.0,1.0
equinox.csv,292,124,0.3013698630136986,0.42735042735042733,0.704225352112676,0.5319148936170213,0.5753138075313807,0.35109162134231997,0.6985103785103786,0.6203898840885147,0.42735042735042733,0.88,0.12,0.5726495726495726,50.0,67.0,154.0,21.0,0.3287671232876712,0.2222222222222222,0.8387096774193549,0.35135135135135137,0.36170212765957444,0.30805632905267516,0.7900610500610501,0.6753307575225365,0.2222222222222222,0.9714285714285714,0.02857142857142857,0.7777777777777778,26.0,91.0,170.0,5.0,0.3493150684931507,0.2564102564102564,0.6666666666666666,0.37037037037037035,0.4005006257822278,0.23167570397278095,0.658021978021978,0.6087401943566335,0.2564102564102564,0.9142857142857143,0.08571428571428572,0.7435897435897436,30.0,87.0,160.0,15.0,0.3801369863013699,0.3333333333333333,0.5416666666666666,0.4126984126984126,0.4725457570715474,0.16458439503192,0.4504761904761905,0.4721051399133597,0.3333333333333333,0.8114285714285714,0.18857142857142858,0.6666666666666666,39.0,78.0,142.0,33.0,0.3253424657534247,0.23076923076923078,0.84375,0.3624161073825503,0.37294332723948814,0.3171952847848967,0.7426617826617826,0.6471431916637395,0.23076923076923078,0.9714285714285714,0.02857142857142857,0.7692307692307693,27.0,90.0,170.0,5.0,0.4006849315068493,0.0,0.0,0.0,0.0,0.0,0.5,0.5384322678843231,0.0,1.0,0.0,1.0,0.0,117.0,175.0,0.0
jdt.csv,898,127,0.19042316258351893,0.34972677595628415,0.5517241379310345,0.4280936454849498,0.5078969890297985,0.33267884484723836,0.6203179334326875,0.5975148173841087,0.34972677595628415,0.9272727272727272,0.07272727272727272,0.6502732240437158,64.0,119.0,663.0,52.0,0.24053452115812918,0.7431693989071039,0.4459016393442623,0.5573770491803278,0.7532638797309773,0.43106508103962443,0.8033092590469639,0.7424878600898142,0.7431693989071039,0.7636363636363637,0.23636363636363636,0.2568306010928962,136.0,47.0,546.0,169.0,0.20378619153674832,0.644808743169399,0.5,0.5632458233890215,0.7276690028457656,0.43906627269509974,0.7337422140700829,0.7037983618727732,0.644808743169399,0.8349650349650349,0.16503496503496504,0.3551912568306011,118.0,65.0,597.0,118.0,0.6792873051224945,0.825136612021858,0.20713305898491083,0.331140350877193,0.31099852671457345,0.01725665812631551,0.5233597004088807,0.5266712913943554,0.825136612021858,0.1916083916083916,0.8083916083916084,0.17486338797814208,151.0,32.0,137.0,578.0,0.534521158129176,0.8633879781420765,0.25774877650897227,0.3969849246231156,0.5117408906882591,0.19647094030840923,0.7836829836829837,0.7264291017074989,0.8633879781420765,0.36363636363636365,0.6363636363636364,0.1366120218579235,158.0,25.0,260.0,455.0,0.18485523385300667,0.6229508196721312,0.5402843601895735,0.5786802030456852,0.7240550040081397,0.4629598567724352,0.7436432420038978,0.7032081005756579,0.6229508196721312,0.8643356643356643,0.13566433566433567,0.3770491803278688,114.0,69.0,618.0,97.0
lucene.csv,622,92,0.0932475884244373,0.2542372881355932,0.5172413793103449,0.3409090909090909,0.4033205994710549,0.31878026307312346,0.6733449739591173,0.6623249223390919,0.2542372881355932,0.9751332149200711,0.02486678507992895,0.7457627118644068,15.0,44.0,549.0,14.0,0.1720257234726688,0.5932203389830508,0.2966101694915254,0.39548022598870053,0.6996356064549714,0.3331654291786542,0.7952554414908029,0.7677530110632708,0.5932203389830508,0.8525754884547069,0.14742451154529307,0.4067796610169492,35.0,24.0,480.0,83.0,0.8408360128617364,0.9661016949152542,0.0986159169550173,0.17896389324960754,0.1385055975006508,0.046516414405271794,0.6471385134118072,0.6580467600414193,0.9661016949152542,0.07460035523978685,0.9253996447602132,0.03389830508474576,57.0,2.0,42.0,521.0,0.842443729903537,0.8983050847457628,0.09281961471103327,0.16825396825396827,0.14679633163045477,-0.02324635961157913,0.48514314959207633,0.52441549948226,0.8983050847457628,0.07992895204262877,0.9200710479573713,0.1016949152542373,53.0,6.0,45.0,518.0,0.09485530546623794,0.0,0.0,0.0,0.0,0.0,0.5682180811030496,0.6099242465529454,0.0,1.0,0.0,1.0,0.0,59.0,563.0,0.0,0.09485530546623794,0.0,0.0,0.0,0.0,0.0,0.5,0.5509019565098918,0.0,1.0,0.0,1.0,0.0,59.0,563.0,0.0
mylyn.csv,1676,142,0.2798329355608592,0.45794392523364486,0.21729490022172948,0.2947368421052632,0.5711057745361295,0.1629182870330953,0.6393670813250316,0.6214423527312438,0.45794392523364486,0.7585499316005472,0.2414500683994528,0.5420560747663551,98.0,116.0,1109.0,353.0,0.35799522673031026,0.6682242990654206,0.21279761904761904,0.3227990970654627,0.6528498169932082,0.20864373988554566,0.7465288875819834,0.7160239109584459,0.6682242990654206,0.6381668946648427,0.36183310533515733,0.3317757009345794,143.0,71.0,933.0,529.0,0.2458233890214797,0.49065420560747663,0.25735294117647056,0.337620578778135,0.6061473940070131,0.2203924086540904,0.6638933991331808,0.648456494100327,0.49065420560747663,0.792749658002736,0.20725034199726403,0.5093457943925234,105.0,109.0,1159.0,303.0,0.5,0.7897196261682243,0.17567567567567569,0.2874149659863946,0.57943748014063,0.16691257607507712,0.6471435237863892,0.6435382419200096,0.7897196261682243,0.4575923392612859,0.542407660738714,0.2102803738317757,169.0,45.0,669.0,793.0,0.1276849642004773,0.0,0.0,0.0,0.0,0.0,0.5055902169605073,0.5275187919612765,0.0,1.0,0.0,1.0,0.0,214.0,1462.0,0.0,0.1276849642004773,0.0,0.0,0.0,0.0,0.0,0.5,0.5268524301295906,0.0,1.0,0.0,1.0,0.0,214.0,1462.0,0.0
pde.csv,1348,101,0.3026706231454006,0.5294117647058824,0.23627684964200477,0.3267326732673267,0.6117352299361513,0.18953609787629105,0.6535325899210989,0.6317023437376037,0.5294117647058824,0.7243755383290267,0.2756244616709733,0.47058823529411764,99.0,88.0,841.0,320.0,0.28857566765578635,0.5508021390374331,0.25245098039215685,0.3462184873949579,0.6305483542221666,0.2167616788424582,0.7023541387426476,0.675700979069807,0.5508021390374331,0.7372954349698536,0.26270456503014644,0.44919786096256686,103.0,84.0,856.0,305.0,0.30118694362017806,0.20320855614973263,0.1288135593220339,0.15767634854771784,0.3223028062636631,-0.015175546093103075,0.4001529199887613,0.4390739300845761,0.20320855614973263,0.7786391042204995,0.22136089577950044,0.7967914438502673,38.0,149.0,904.0,257.0,0.2737388724035608,0.5080213903743316,0.2553763440860215,0.3398926654740608,0.6094273284398211,0.20834969920701768,0.6702547591740479,0.6498476649899232,0.5080213903743316,0.7614125753660638,0.23858742463393626,0.4919786096256685,95.0,92.0,884.0,277.0,0.8538575667655787,0.9946524064171123,0.13922155688622753,0.24425476034143137,0.018770383893799685,0.0151871836421685,0.7103409839387952,0.6815325536742854,0.9946524064171123,0.009474590869939707,0.9905254091300603,0.0053475935828877,186.0,1.0,11.0,1150.0,0.3516320474777448,0.25668449197860965,0.12532637075718014,0.16842105263157894,0.3772586707264856,-0.024418434590547843,0.4840700668334047,0.5085648772592409,0.25668449197860965,0.7114556416881999,0.2885443583118002,0.7433155080213903,48.0,139.0,826.0,335.0
equinox.csv,292,132,0.3184931506849315,0.375,0.7142857142857143,0.4918032786885245,0.5286041189931351,0.32336375291580305,0.7974321705426357,0.6765696347031949,0.375,0.8953488372093024,0.10465116279069768,0.625,45.0,75.0,154.0,18.0,0.3561643835616438,0.18333333333333332,0.7857142857142857,0.29729729729729726,0.3081336483293959,0.24805782725121303,0.7584786821705426,0.6545662100456624,0.18333333333333332,0.9651162790697675,0.03488372093023256,0.8166666666666667,22.0,98.0,166.0,6.0,0.339041095890411,0.3,0.7058823529411765,0.42105263157894735,0.451581975071908,0.27574895522180803,0.6057412790697675,0.572231735159817,0.3,0.9127906976744186,0.0872093023255814,0.7,36.0,84.0,157.0,15.0,0.3493150684931507,0.375,0.625,0.46875,0.5190930787589498,0.2488743155633901,0.5252906976744186,0.5162100456621007,0.375,0.8430232558139535,0.1569767441860465,0.625,45.0,75.0,145.0,27.0,0.3424657534246575,0.21666666666666667,0.8125,0.34210526315789475,0.3538865201705477,0.2863164628088519,0.756201550387597,0.652625570776256,0.21666666666666667,0.9651162790697675,0.03488372093023256,0.7833333333333333,26.0,94.0,166.0,6.0,0.410958904109589,0.0,0.0,0.0,0.0,0.0,0.5,0.5250285388127851,0.0,1.0,0.0,1.0,0.0,120.0,172.0,0.0
jdt.csv,898,130,0.2750556792873051,0.3850267379679144,0.35294117647058826,0.3682864450127877,0.5228482739159063,0.19320863814721606,0.5958166926149056,0.5755630456272419,0.3850267379679144,0.8143459915611815,0.18565400843881857,0.6149732620320856,72.0,115.0,579.0,132.0,0.22494432071269488,0.6898395721925134,0.4725274725274725,0.5608695652173913,0.7397596941561989,0.43016765024710335,0.8057116210504148,0.7427021426104365,0.6898395721925134,0.7974683544303798,0.20253164556962025,0.31016042780748665,129.0,58.0,567.0,144.0,0.4042316258351893,0.8663101604278075,0.324,0.47161572052401746,0.6534907236674904,0.3195366751271801,0.6959317674135247,0.6616843133284918,0.8663101604278075,0.5246132208157525,0.47538677918424754,0.13368983957219252,162.0,25.0,373.0,338.0,0.6124721603563474,0.9251336898395722,0.24400564174894218,0.3861607142857143,0.388818966402959,0.17059742828041316,0.5901156012846258,0.5736753093624586,0.9251336898395722,0.24613220815752462,0.7538677918424754,0.0748663101604278,173.0,14.0,175.0,536.0,0.21046770601336304,0.0053475935828877,0.25,0.010471204188481674,0.010638058103630913,0.006879183596486167,0.6402295478989448,0.6137584412181583,0.0053475935828877,0.9957805907172996,0.004219409282700422,0.9946524064171123,1.0,186.0,708.0,3.0,0.19265033407572382,0.08021390374331551,0.9375,0.14778325123152708,0.1484993202495904,0.24189589955933857,0.5394037169912077,0.5456748806021705,0.08021390374331551,0.9985935302390999,0.0014064697609001407,0.9197860962566845,15.0,172.0,710.0,1.0
lucene.csv,622,98,0.1157556270096463,0.3684210526315789,0.3684210526315789,0.3684210526315789,0.5287733828359273,0.3047042384722869,0.6820058997050148,0.667964122524963,0.3684210526315789,0.9362831858407079,0.06371681415929203,0.631578947368421,21.0,36.0,529.0,36.0,0.16720257234726688,0.6140350877192983,0.29914529914529914,0.40229885057471265,0.7147084936371707,0.3461827598384894,0.7973917093619003,0.7717887967507223,0.6140350877192983,0.8548672566371681,0.14513274336283186,0.38596491228070173,35.0,22.0,483.0,82.0,0.1382636655948553,0.42105263157894735,0.3116883116883117,0.35820895522388063,0.574957888826502,0.28667785020660796,0.6289706567303214,0.6438201613358152,0.42105263157894735,0.9061946902654867,0.09380530973451327,0.5789473684210527,24.0,33.0,512.0,53.0,0.3135048231511254,0.5789473684210527,0.16176470588235295,0.25287356321839083,0.632654550762718,0.16979602737101543,0.6614190343114423,0.6485022846505346,0.5789473684210527,0.6973451327433628,0.30265486725663715,0.42105263157894735,33.0,24.0,394.0,171.0,0.18488745980707397,0.5789473684210527,0.2661290322580645,0.36464088397790057,0.6851061034097629,0.30178201796118764,0.7633597267505046,0.7401139504710348,0.5789473684210527,0.8389380530973451,0.16106194690265488,0.42105263157894735,33.0,24.0,474.0,91.0,0.09163987138263666,0.0,0.0,0.0,0.0,0.0,0.5,0.5656907542167319,0.0,1.0,0.0,1.0,0.0,57.0,565.0,0.0
mylyn.csv,1676,144,0.220763723150358,0.3672566371681416,0.267741935483871,0.3097014925373134,0.5117051629749867,0.18535601602787619,0.65221696673787,0.6308055420618048,0.3672566371681416,0.8434482758620689,0.15655172413793103,0.6327433628318584,83.0,143.0,1223.0,227.0,0.27505966587112174,0.4690265486725664,0.2371364653243848,0.31500742942050525,0.5814697749880049,0.18061489831675479,0.7153967043027158,0.6871211481192143,0.4690265486725664,0.7648275862068965,0.23517241379310344,0.5309734513274337,106.0,120.0,1109.0,341.0,0.14916467780429593,0.008849557522123894,0.07142857142857142,0.015748031496062992,0.017541050245747154,-0.02420121037165009,0.38352761672261215,0.4096933279827666,0.008849557522123894,0.9820689655172414,0.01793103448275862,0.9911504424778761,2.0,224.0,1424.0,26.0,0.6539379474940334,0.9292035398230089,0.16279069767441862,0.2770448548812665,0.4003916314541894,0.14957327150527944,0.6088007323771742,0.5983642047014586,0.9292035398230089,0.25517241379310346,0.7448275862068966,0.07079646017699115,210.0,16.0,370.0,1080.0,0.14916467780429593,0.19911504424778761,0.39473684210526316,0.2647058823529412,0.32937067384644736,0.2055609287655679,0.65485810192249,0.6342798910173836,0.19911504424778761,0.9524137931034483,0.04758620689655172,0.8008849557522124,45.0,181.0,1381.0,69.0,0.13484486873508353,0.0,0.0,0.0,0.0,0.0,0.5,0.5020117430882635,0.0,1.0,0.0,1.0,0.0,226.0,1450.0,0.0
pde.csv,1348,94,0.17729970326409494,0.3247422680412371,0.3684210526315789,0.34520547945205476,0.47816969371539697,0.2437924759886442,0.6102529971948757,0.5950052005261696,0.3247422680412371,0.9064124783362218,0.09358752166377816,0.6752577319587629,63.0,131.0,1046.0,108.0,0.23738872403560832,0.4587628865979381,0.29276315789473684,0.357429718875502,0.5867266702238199,0.22882872735073853,0.7335578623881077,0.700770901526509,0.4587628865979381,0.8136915077989602,0.18630849220103987,0.5412371134020618,89.0,105.0,939.0,215.0,0.41839762611275966,0.7010309278350515,0.2118380062305296,0.3253588516746411,0.6235707007811615,0.18452531178138726,0.6281870321070593,0.62094664871975,0.7010309278350515,0.561525129982669,0.43847487001733104,0.29896907216494845,136.0,58.0,648.0,506.0,0.8531157270029673,1.0,0.14434523809523808,0.25227568270481143,0.006908462867012031,0.02236806014644237,0.5025996533795494,0.5247942733029451,1.0,0.0034662045060658577,0.9965337954939342,0.0,194.0,0.0,4.0,1150.0,0.8182492581602374,0.9896907216494846,0.14849187935034802,0.25823806321452586,0.08778089281863265,0.06319632949500659,0.7465382622523182,0.711428156260513,0.9896907216494846,0.04592720970537262,0.9540727902946274,0.010309278350515464,192.0,2.0,53.0,1101.0,0.14391691394658754,0.0,0.0,0.0,0.0,0.0,0.5,0.5228708434029784,0.0,1.0,0.0,1.0,0.0,194.0,1154.0,0.0
